pix,freq(Hz),flux(Jy/b)
0,1243765178.4169333,0.0
1,1243791299.7059896,0.0
2,1243817420.995046,0.0
3,1243843542.2841022,0.0
4,1243869663.5731585,0.0
5,1243895784.8622148,0.0
6,1243921906.151271,0.0
7,1243948027.4403274,0.0
8,1243974148.7293837,0.0
9,1244000270.01844,0.0
10,1244026391.3074963,0.0
11,1244052512.5965526,0.0
12,1244078633.885609,0.0
13,1244104755.1746652,0.0
14,1244130876.4637215,0.0
15,1244156997.7527778,0.0
16,1244183119.041834,0.0
17,1244209240.3308904,0.0
18,1244235361.6199467,0.0
19,1244261482.909003,0.0
20,1244287604.1980593,0.0
21,1244313725.4871156,0.0
22,1244339846.776172,0.0
23,1244365968.0652282,0.0
24,1244392089.3542845,0.0
25,1244418210.6433408,0.0
26,1244444331.9323971,0.0
27,1244470453.2214534,0.0
28,1244496574.5105097,0.0
29,1244522695.799566,0.0
30,1244548817.0886223,0.0
31,1244574938.3776786,0.0
32,1244601059.666735,0.0
33,1244627180.9557912,0.0
34,1244653302.2448475,0.0
35,1244679423.5339038,0.0
36,1244705544.8229601,0.0
37,1244731666.1120164,0.0
38,1244757787.4010727,0.0
39,1244783908.690129,0.0
40,1244810029.9791853,0.0
41,1244836151.2682416,0.0
42,1244862272.557298,0.0
43,1244888393.8463542,0.0
44,1244914515.1354105,0.0
45,1244940636.4244668,0.0
46,1244966757.7135231,0.0
47,1244992879.0025795,0.0
48,1245019000.2916358,0.0
49,1245045121.580692,0.0
50,1245071242.8697484,0.0
51,1245097364.1588047,0.0
52,1245123485.447861,0.0
53,1245149606.7369173,0.0
54,1245175728.0259736,0.0
55,1245201849.3150299,0.0
56,1245227970.6040862,0.0
57,1245254091.8931425,0.0
58,1245280213.1821988,0.0
59,1245306334.471255,0.0
60,1245332455.7603114,0.0
61,1245358577.0493677,0.0
62,1245384698.338424,0.0
63,1245410819.6274803,0.0
64,1245436940.9165366,0.0
65,1245463062.2055929,0.0
66,1245489183.4946492,0.0
67,1245515304.7837055,0.0
68,1245541426.0727618,0.0
69,1245567547.361818,0.0
70,1245593668.6508744,0.0
71,1245619789.9399307,0.0
72,1245645911.228987,0.0
73,1245672032.5180433,0.0
74,1245698153.8070996,0.0
75,1245724275.096156,0.0
76,1245750396.3852122,0.0
77,1245776517.6742685,0.0
78,1245802638.9633248,0.0
79,1245828760.252381,0.0
80,1245854881.5414374,0.0
81,1245881002.8304937,0.0
82,1245907124.11955,0.0
83,1245933245.4086063,0.0
84,1245959366.6976626,0.0
85,1245985487.986719,0.0
86,1246011609.2757752,0.0
87,1246037730.5648315,0.0
88,1246063851.8538878,0.0
89,1246089973.142944,0.0
90,1246116094.4320004,0.0
91,1246142215.7210567,0.0
92,1246168337.010113,0.0
93,1246194458.2991693,0.0
94,1246220579.5882256,0.0
95,1246246700.877282,0.0
96,1246272822.1663382,0.0
97,1246298943.4553945,0.0
98,1246325064.7444508,0.0
99,1246351186.033507,0.0
100,1246377307.3225634,0.0
101,1246403428.6116197,0.0
102,1246429549.900676,0.0
103,1246455671.1897323,0.0
104,1246481792.4787886,0.0
105,1246507913.767845,0.0
106,1246534035.0569012,0.0
107,1246560156.3459575,0.0
108,1246586277.6350138,0.0
109,1246612398.9240701,0.0
110,1246638520.2131264,0.0
111,1246664641.5021827,0.0
112,1246690762.791239,0.0
113,1246716884.0802953,0.0
114,1246743005.3693516,0.0
115,1246769126.658408,0.0
116,1246795247.9474642,0.0
117,1246821369.2365205,0.0
118,1246847490.5255768,0.0
119,1246873611.8146331,0.0
120,1246899733.1036894,0.0
121,1246925854.3927457,0.0
122,1246951975.681802,0.0
123,1246978096.9708583,0.0
124,1247004218.2599146,0.0
125,1247030339.548971,0.0
126,1247056460.8380272,0.0
127,1247082582.1270835,0.0
128,1247108703.4161398,0.0
129,1247134824.7051961,0.0
130,1247160945.9942524,0.0
131,1247187067.2833087,0.0
132,1247213188.572365,0.0
133,1247239309.8614213,0.0
134,1247265431.1504776,0.0
135,1247291552.439534,0.0
136,1247317673.7285903,0.0
137,1247343795.0176466,0.0
138,1247369916.3067029,0.0
139,1247396037.5957592,0.0
140,1247422158.8848155,0.0
141,1247448280.1738718,0.0
142,1247474401.462928,0.0
143,1247500522.7519844,0.0
144,1247526644.0410407,0.0
145,1247552765.330097,0.0
146,1247578886.6191533,0.0
147,1247605007.9082096,0.0
148,1247631129.1972659,0.0
149,1247657250.4863222,0.0
150,1247683371.7753785,0.0
151,1247709493.0644348,0.0
152,1247735614.353491,0.0
153,1247761735.6425474,0.0
154,1247787856.9316037,0.0
155,1247813978.22066,0.0
156,1247840099.5097163,0.0
157,1247866220.7987726,0.0
158,1247892342.0878289,0.0
159,1247918463.3768852,0.0
160,1247944584.6659415,0.0
161,1247970705.9549978,0.0
162,1247996827.244054,0.0
163,1248022948.5331104,0.0
164,1248049069.8221667,0.0
165,1248075191.111223,0.0
166,1248101312.4002793,0.0
167,1248127433.6893356,0.0
168,1248153554.978392,0.0
169,1248179676.2674482,0.0
170,1248205797.5565045,0.0
171,1248231918.8455608,0.0
172,1248258040.134617,0.0
173,1248284161.4236734,0.0
174,1248310282.7127297,0.0
175,1248336404.001786,0.0
176,1248362525.2908423,0.0
177,1248388646.5798986,0.0
178,1248414767.868955,0.0
179,1248440889.1580112,0.0
180,1248467010.4470675,0.0
181,1248493131.7361238,0.0
182,1248519253.02518,0.0
183,1248545374.3142364,0.0
184,1248571495.6032927,0.0
185,1248597616.892349,0.0
186,1248623738.1814053,0.0
187,1248649859.4704616,0.0
188,1248675980.759518,0.0
189,1248702102.0485742,0.0
190,1248728223.3376305,0.0
191,1248754344.6266868,0.0
192,1248780465.915743,0.0
193,1248806587.2047994,0.0
194,1248832708.4938557,0.0
195,1248858829.782912,0.0
196,1248884951.0719683,0.0
197,1248911072.3610246,0.0
198,1248937193.650081,0.0
199,1248963314.9391372,0.0
200,1248989436.2281935,0.0
201,1249015557.5172498,0.0
202,1249041678.8063061,0.0
203,1249067800.0953624,0.0
204,1249093921.3844187,0.0
205,1249120042.673475,0.0
206,1249146163.9625313,-0.006747215986251831
207,1249172285.2515876,0.0006836637621745467
208,1249198406.540644,-0.005646054167300463
209,1249224527.8297002,-0.002140348544344306
210,1249250649.1187565,0.0016856257570907474
211,1249276770.4078128,-0.00045050648623146117
212,1249302891.6968691,0.003787423251196742
213,1249329012.9859254,-0.006117787212133408
214,1249355134.2749817,-0.00022600240481551737
215,1249381255.564038,-0.0015867816982790828
216,1249407376.8530943,-0.009126420132815838
217,1249433498.1421506,-0.0014277893351390958
218,1249459619.431207,-0.00021237044711597264
219,1249485740.7202632,-0.010381289757788181
220,1249511862.0093195,-0.005199032835662365
221,1249537983.2983758,-0.0008470823522657156
222,1249564104.5874321,-0.00043666615965776145
223,1249590225.8764884,0.002990076318383217
224,1249616347.1655447,-0.006776703521609306
225,1249642468.454601,-0.0024458945263177156
226,1249668589.7436574,-0.009408812038600445
227,1249694711.0327137,-0.00619462737813592
228,1249720832.32177,-0.007880819030106068
229,1249746953.6108263,-0.0027105913031846285
230,1249773074.8998826,0.001920049195177853
231,1249799196.1889389,-0.00029674649704247713
232,1249825317.4779952,0.0035391589626669884
233,1249851438.7670515,0.004758026450872421
234,1249877560.0561078,-0.001448571216315031
235,1249903681.345164,-0.005511424969881773
236,1249929802.6342204,-0.0023693074472248554
237,1249955923.9232767,-0.007742933463305235
238,1249982045.212333,0.0005727254902012646
239,1250008166.5013893,0.0029458487406373024
240,1250034287.7904456,-0.00032699364237487316
241,1250060409.0795019,-0.003300447715446353
242,1250086530.3685582,-0.00492155272513628
243,1250112651.6576145,-0.0006858952110633254
244,1250138772.9466708,-0.0011013750918209553
245,1250164894.235727,-0.003562236437574029
246,1250191015.5247834,-0.00458891037851572
247,1250217136.8138397,0.004731957800686359
248,1250243258.102896,0.001544891856610775
249,1250269379.3919523,-0.0015594370197504759
250,1250295500.6810086,0.0033528702333569527
251,1250321621.9700649,0.0018799086101353168
252,1250347743.2591212,0.001030545448884368
253,1250373864.5481775,-0.0011080653639510274
254,1250399985.8372338,-0.0018043096642941236
255,1250426107.12629,-0.008792506530880928
256,1250452228.4153464,-0.0012334182392805815
257,1250478349.7044027,-0.001210446353070438
258,1250504470.993459,0.0016655372455716133
259,1250530592.2825153,0.0015945462509989738
260,1250556713.5715716,0.0024650904815644026
261,1250582834.860628,-0.0016269792104139924
262,1250608956.1496842,0.0007597595104016364
263,1250635077.4387405,-0.00905871856957674
264,1250661198.7277968,-0.0005764091620221734
265,1250687320.016853,0.002769030164927244
266,1250713441.3059094,-0.00569025008007884
267,1250739562.5949657,-0.004817228764295578
268,1250765683.884022,-0.004693265538662672
269,1250791805.1730783,2.3805427190382034e-05
270,1250817926.4621346,0.0007662230054847896
271,1250844047.751191,0.0024807853624224663
272,1250870169.0402472,0.0029645219910889864
273,1250896290.3293035,0.0030141521710902452
274,1250922411.6183598,0.0023673833347857
275,1250948532.907416,0.003767969086766243
276,1250974654.1964724,0.0018653413280844688
277,1251000775.4855287,-0.004268144257366657
278,1251026896.774585,-0.002576407277956605
279,1251053018.0636413,-0.0034429198130965233
280,1251079139.3526976,-0.0013026833767071366
281,1251105260.641754,0.0024283805396407843
282,1251131381.9308102,-0.00038276315899565816
283,1251157503.2198665,-0.008788593113422394
284,1251183624.5089228,-0.003944938536733389
285,1251209745.797979,-0.007174963131546974
286,1251235867.0870354,0.0013146625133231282
287,1251261988.3760917,-0.0023183447774499655
288,1251288109.665148,0.002525970572605729
289,1251314230.9542043,-0.007699578069150448
290,1251340352.2432606,-0.006704813335090876
291,1251366473.532317,0.002300447318702936
292,1251392594.8213732,0.0066524106077849865
293,1251418716.1104295,0.004215223714709282
294,1251444837.3994858,-0.0033856274094432592
295,1251470958.6885421,-0.006835795007646084
296,1251497079.9775984,-0.005597708281129599
297,1251523201.2666547,-0.0016984801040962338
298,1251549322.555711,0.0005273785209283233
299,1251575443.8447673,0.001809145207516849
300,1251601565.1338236,0.0004725769686046988
301,1251627686.42288,-0.0009245130931958556
302,1251653807.7119362,0.0038404741790145636
303,1251679929.0009925,-0.005300932098180056
304,1251706050.2900488,0.0067817531526088715
305,1251732171.5791051,-0.0072302017360925674
306,1251758292.8681614,0.0016149042639881372
307,1251784414.1572177,-0.002356822369620204
308,1251810535.446274,-0.0030107831116765738
309,1251836656.7353303,-0.0021869211923331022
310,1251862778.0243866,-0.0030700901988893747
311,1251888899.313443,-0.00582079729065299
312,1251915020.6024992,-0.002904120134189725
313,1251941141.8915555,-0.0013819956220686436
314,1251967263.1806118,0.0038155317306518555
315,1251993384.4696681,-0.00042263013892807066
316,1252019505.7587245,-0.0018855087691918015
317,1252045627.0477808,-0.006401103921234608
318,1252071748.336837,0.005697348620742559
319,1252097869.6258934,-0.003125315299257636
320,1252123990.9149497,-0.001217384124174714
321,1252150112.204006,-0.0061949011869728565
322,1252176233.4930623,-0.0052597117610275745
323,1252202354.7821186,0.003237440250813961
324,1252228476.0711749,-0.006950715556740761
325,1252254597.3602312,-0.004633215256035328
326,1252280718.6492875,-0.0017427215352654457
327,1252306839.9383438,-0.001655364059843123
328,1252332961.2274,-0.006701147649437189
329,1252359082.5164564,-0.003933910746127367
330,1252385203.8055127,0.0009042248129844666
331,1252411325.094569,-0.0020933181513100863
332,1252437446.3836253,-0.007813777774572372
333,1252463567.6726816,-0.008769587613642216
334,1252489688.9617379,-0.002487737685441971
335,1252515810.2507942,-0.0026928356382995844
336,1252541931.5398505,-0.003214692696928978
337,1252568052.8289068,-0.0024495606776326895
338,1252594174.117963,-0.010212060064077377
339,1252620295.4070194,-0.007186716888099909
340,1252646416.6960757,-0.0006407349137589335
341,1252672537.985132,-0.004567014519125223
342,1252698659.2741883,-0.007354392670094967
343,1252724780.5632446,-0.007295725401490927
344,1252750901.852301,-0.00547756627202034
345,1252777023.1413572,-0.0034984699450433254
346,1252803144.4304135,-0.00211331550963223
347,1252829265.7194698,-0.008799475617706776
348,1252855387.008526,-0.00046724124695174396
349,1252881508.2975824,-0.005017770454287529
350,1252907629.5866387,-0.005341389216482639
351,1252933750.875695,-0.011493952944874763
352,1252959872.1647513,-0.002970079192891717
353,1252985993.4538076,-0.0030730883590877056
354,1253012114.742864,-0.007991394028067589
355,1253038236.0319202,-0.000921438739169389
356,1253064357.3209765,-0.005810771137475967
357,1253090478.6100328,-0.0034702932462096214
358,1253116599.899089,-0.003567562671378255
359,1253142721.1881454,-0.0004034320008940995
360,1253168842.4772017,-0.0033299645874649286
361,1253194963.766258,-0.0012983946362510324
362,1253221085.0553143,-0.0072004827670753
363,1253247206.3443706,-0.005118418484926224
364,1253273327.633427,-0.0009333368507213891
365,1253299448.9224832,-0.008631531149148941
366,1253325570.2115395,-0.00099229218903929
367,1253351691.5005958,0.0013745392207056284
368,1253377812.789652,-0.005872286856174469
369,1253403934.0787084,-0.003797700395807624
370,1253430055.3677647,-0.0022854735143482685
371,1253456176.656821,-0.001597896683961153
372,1253482297.9458773,-0.005435274913907051
373,1253508419.2349336,-0.008156880736351013
374,1253534540.52399,0.000563992653042078
375,1253560661.8130462,-0.0029160084668546915
376,1253586783.1021025,-0.0020669912919402122
377,1253612904.3911588,-0.005465878173708916
378,1253639025.6802151,-0.0033146643545478582
379,1253665146.9692714,-0.0017109076725319028
380,1253691268.2583277,0.0013255489757284522
381,1253717389.547384,-0.005660583730787039
382,1253743510.8364403,-0.0011739793699234724
383,1253769632.1254966,-0.0005694262217730284
384,1253795753.414553,0.007384061813354492
385,1253821874.7036092,-0.00906707625836134
386,1253847995.9926655,0.0004143227415625006
387,1253874117.2817218,-0.009164285846054554
388,1253900238.5707781,-0.00491037592291832
389,1253926359.8598344,-0.0019767985213547945
390,1253952481.1488907,-0.005997552536427975
391,1253978602.437947,-0.006947441957890987
392,1254004723.7270033,-0.0037113805301487446
393,1254030845.0160596,-0.0025964619126170874
394,1254056966.305116,-0.0034841448068618774
395,1254083087.5941722,-0.0020501355174928904
396,1254109208.8832285,0.005719006061553955
397,1254135330.1722848,0.00420808419585228
398,1254161451.4613411,0.0024550389498472214
399,1254187572.7503974,-0.003639928298071027
400,1254213694.0394537,-0.001678324188105762
401,1254239815.32851,-0.009176848456263542
402,1254265936.6175663,-0.005890135653316975
403,1254292057.9066226,0.0005304815713316202
404,1254318179.195679,-0.006907923147082329
405,1254344300.4847353,-0.0073059252463281155
406,1254370421.7737916,-0.0016042389906942844
407,1254396543.0628479,-0.010686204768717289
408,1254422664.3519042,-0.007178967352956533
409,1254448785.6409605,-0.0038315202109515667
410,1254474906.9300168,-0.000905929075088352
411,1254501028.219073,-0.007808562368154526
412,1254527149.5081294,-0.00018136728613171726
413,1254553270.7971857,-0.0011913204798474908
414,1254579392.086242,-0.005655013024806976
415,1254605513.3752983,-0.007983170449733734
416,1254631634.6643546,-0.002936542732641101
417,1254657755.9534109,-0.003765785600990057
418,1254683877.2424672,-0.002925786655396223
419,1254709998.5315235,0.0006260212394408882
420,1254736119.8205798,0.0028801800217479467
421,1254762241.109636,-0.0021754310000687838
422,1254788362.3986924,-0.004866607952862978
423,1254814483.6877487,-0.005943496245890856
424,1254840604.976805,-0.00029956467915326357
425,1254866726.2658613,-0.0002394464099779725
426,1254892847.5549176,-0.003655197098851204
427,1254918968.8439739,-0.007240387611091137
428,1254945090.1330302,-0.0026834076270461082
429,1254971211.4220865,-0.007311529014259577
430,1254997332.7111428,0.004017742350697517
431,1255023454.000199,-0.004231460392475128
432,1255049575.2892554,-0.0011391638545319438
433,1255075696.5783117,0.0031482011545449495
434,1255101817.867368,0.0026275981217622757
435,1255127939.1564243,-0.005179577972739935
436,1255154060.4454806,0.0017847702838480473
437,1255180181.734537,-0.00043597258627414703
438,1255206303.0235932,0.001036886591464281
439,1255232424.3126495,-0.004945721011608839
440,1255258545.6017058,-0.003977569751441479
441,1255284666.890762,0.002972500631585717
442,1255310788.1798184,0.0005203703767620027
443,1255336909.4688747,0.0005761004867963493
444,1255363030.757931,0.00018604581418912858
445,1255389152.0469873,0.001884853350929916
446,1255415273.3360436,0.0026944633573293686
447,1255441394.6251,-0.0038896342739462852
448,1255467515.9141562,0.0022928889375180006
449,1255493637.2032125,0.011678125709295273
450,1255519758.4922688,-0.00023695069830864668
451,1255545879.781325,-0.004167130216956139
452,1255572001.0703814,0.0005783887463621795
453,1255598122.3594377,0.002791430102661252
454,1255624243.648494,-0.002672013593837619
455,1255650364.9375503,-0.0021350551396608353
456,1255676486.2266066,-0.0037549370899796486
457,1255702607.515663,-0.0010717235272750258
458,1255728728.8047192,0.0016619116067886353
459,1255754850.0937755,-0.0038106476422399282
460,1255780971.3828318,-0.0043019927106797695
461,1255807092.671888,-0.0003376335371285677
462,1255833213.9609444,0.0011624088510870934
463,1255859335.2500007,0.010103527456521988
464,1255885456.539057,-0.0008430146845057607
465,1255911577.8281133,-0.0016506807878613472
466,1255937699.1171696,-0.0028303624130785465
467,1255963820.406226,-0.0005399603978730738
468,1255989941.6952822,0.002371570561081171
469,1256016062.9843385,0.00203944300301373
470,1256042184.2733948,0.0022025166545063257
471,1256068305.5624511,-0.0008363672532141209
472,1256094426.8515074,-0.0002211960090789944
473,1256120548.1405637,0.004938684869557619
474,1256146669.42962,0.00429443409666419
475,1256172790.7186763,0.0007629141327925026
476,1256198912.0077326,0.001044076168909669
477,1256225033.296789,0.0039254953153431416
478,1256251154.5858452,0.00037515809526667
479,1256277275.8749015,0.011779011227190495
480,1256303397.1639578,0.009136086329817772
481,1256329518.4530141,0.009707219898700714
482,1256355639.7420704,-0.0010757815325632691
483,1256381761.0311267,0.0032110929023474455
484,1256407882.320183,-0.0006693466566503048
485,1256434003.6092393,-0.005066199693828821
486,1256460124.8982956,-0.0016112577868625522
487,1256486246.187352,0.008425988256931305
488,1256512367.4764082,0.004742485471069813
489,1256538488.7654645,0.010104568675160408
490,1256564610.0545208,0.008251120336353779
491,1256590731.3435771,0.004937971010804176
492,1256616852.6326334,0.010213091038167477
493,1256642973.9216897,6.55006297165528e-05
494,1256669095.210746,0.010172806680202484
495,1256695216.4998024,-0.0003340400871820748
496,1256721337.7888587,0.0010482436046004295
497,1256747459.077915,0.009161349385976791
498,1256773580.3669713,0.0020428430289030075
499,1256799701.6560276,0.008046642877161503
500,1256825822.9450839,0.008737592957913876
501,1256851944.2341402,0.007787925191223621
502,1256878065.5231965,0.010218006558716297
503,1256904186.8122528,0.008574320934712887
504,1256930308.101309,0.00741537706926465
505,1256956429.3903654,0.007216015364974737
506,1256982550.6794217,0.0036647964734584093
507,1257008671.968478,0.008162260055541992
508,1257034793.2575343,0.008454431779682636
509,1257060914.5465906,0.009683849290013313
510,1257087035.8356469,0.01148701086640358
511,1257113157.1247032,0.01156051829457283
512,1257139278.4137595,0.014048963785171509
513,1257165399.7028158,0.006013714242726564
514,1257191520.991872,0.0045763044618070126
515,1257217642.2809284,0.005400228314101696
516,1257243763.5699847,0.009224929846823215
517,1257269884.859041,0.009958470240235329
518,1257296006.1480973,0.006036866921931505
519,1257322127.4371536,0.0030708785634487867
520,1257348248.7262099,0.011690591461956501
521,1257374370.0152662,0.006479022558778524
522,1257400491.3043225,0.006479738280177116
523,1257426612.5933788,0.007022341247648001
524,1257452733.882435,0.008661530911922455
525,1257478855.1714914,0.007190067786723375
526,1257504976.4605477,0.013945700600743294
527,1257531097.749604,0.006421398371458054
528,1257557219.0386603,0.010642671026289463
529,1257583340.3277166,0.01314571313560009
530,1257609461.616773,0.009137725457549095
531,1257635582.9058292,0.009916665032505989
532,1257661704.1948855,0.010448896326124668
533,1257687825.4839418,0.004365820903331041
534,1257713946.772998,0.011361334472894669
535,1257740068.0620544,0.009930235333740711
536,1257766189.3511107,0.013477005064487457
537,1257792310.640167,0.0039046630263328552
538,1257818431.9292233,0.006434574723243713
539,1257844553.2182796,0.006628851871937513
540,1257870674.507336,0.01325343456119299
541,1257896795.7963922,0.015691891312599182
542,1257922917.0854485,0.017057642340660095
543,1257949038.3745048,0.010905860923230648
544,1257975159.663561,0.00423532584682107
545,1258001280.9526174,0.011654887348413467
546,1258027402.2416737,0.007215101271867752
547,1258053523.53073,0.009596748277544975
548,1258079644.8197863,0.005685870070010424
549,1258105766.1088426,0.010385995730757713
550,1258131887.397899,0.017559267580509186
551,1258158008.6869552,0.011695023626089096
552,1258184129.9760115,0.0038494914770126343
553,1258210251.2650678,0.009124605916440487
554,1258236372.554124,0.005182089749723673
555,1258262493.8431804,0.011330745182931423
556,1258288615.1322367,0.0072615062817931175
557,1258314736.421293,0.012069444172084332
558,1258340857.7103493,0.00865665078163147
559,1258366978.9994056,0.003888471517711878
560,1258393100.288462,0.010523403063416481
561,1258419221.5775182,0.005632994696497917
562,1258445342.8665745,0.010217176750302315
563,1258471464.1556308,0.005150158423930407
564,1258497585.4446871,0.011734917759895325
565,1258523706.7337434,0.010331272147595882
566,1258549828.0227997,0.010028822347521782
567,1258575949.311856,0.006003361660987139
568,1258602070.6009123,0.011931028217077255
569,1258628191.8899686,0.0037542248610407114
570,1258654313.179025,0.01157899759709835
571,1258680434.4680812,0.009557420387864113
572,1258706555.7571375,0.009418781846761703
573,1258732677.0461938,0.009303727187216282
574,1258758798.3352501,0.009760703891515732
575,1258784919.6243064,0.010023359209299088
576,1258811040.9133627,0.005827493499964476
577,1258837162.202419,0.013634455390274525
578,1258863283.4914753,0.0022090475540608168
579,1258889404.7805316,0.006191004533320665
580,1258915526.069588,0.01110168732702732
581,1258941647.3586442,0.008505260571837425
582,1258967768.6477005,0.017650624737143517
583,1258993889.9367568,0.009020296856760979
584,1259020011.2258132,0.006335608195513487
585,1259046132.5148695,0.009303636848926544
586,1259072253.8039258,0.008438841439783573
587,1259098375.092982,0.008787838742136955
588,1259124496.3820384,0.005488770082592964
589,1259150617.6710947,0.0076375058852136135
590,1259176738.960151,0.01334925927221775
591,1259202860.2492073,0.010179366916418076
592,1259228981.5382636,0.011852183379232883
593,1259255102.8273199,0.00882614403963089
594,1259281224.1163762,0.009355064481496811
595,1259307345.4054325,0.010173297487199306
596,1259333466.6944888,0.007862947881221771
597,1259359587.983545,0.01512389350682497
598,1259385709.2726014,0.005656164139509201
599,1259411830.5616577,0.008323460817337036
600,1259437951.850714,0.010102600790560246
601,1259464073.1397703,0.007321847602725029
602,1259490194.4288266,0.012375953607261181
603,1259516315.7178829,0.001615155953913927
604,1259542437.0069392,0.00587559025734663
605,1259568558.2959955,0.005741470027714968
606,1259594679.5850518,0.005907148122787476
607,1259620800.874108,0.003831341862678528
608,1259646922.1631644,-0.0015839178813621402
609,1259673043.4522207,0.0021023335866630077
610,1259699164.741277,0.008706084452569485
611,1259725286.0303333,0.001744139939546585
612,1259751407.3193896,-0.00015018177509773523
613,1259777528.608446,0.001509686466306448
614,1259803649.8975022,0.005381291266530752
615,1259829771.1865585,0.002760009840130806
616,1259855892.4756148,0.005519886966794729
617,1259882013.764671,-0.004062193911522627
618,1259908135.0537274,0.006047145463526249
619,1259934256.3427837,0.0055175418965518475
620,1259960377.63184,0.0032518189400434494
621,1259986498.9208963,0.0035479962825775146
622,1260012620.2099526,0.0003004252794198692
623,1260038741.499009,0.003974476363509893
624,1260064862.7880652,-0.002553334226831794
625,1260090984.0771215,-0.005216515157371759
626,1260117105.3661778,0.002215640153735876
627,1260143226.655234,0.0028231365140527487
628,1260169347.9442904,0.0007300821598619223
629,1260195469.2333467,-0.002923566149547696
630,1260221590.522403,-0.005964471027255058
631,1260247711.8114593,-0.0035804982762783766
632,1260273833.1005156,-0.008931449614465237
633,1260299954.389572,0.0009222965454682708
634,1260326075.6786282,-0.0007091092993505299
635,1260352196.9676845,0.0006989696412347257
636,1260378318.2567408,-0.003606857266277075
637,1260404439.545797,-0.0036803579423576593
638,1260430560.8348534,0.004358453676104546
639,1260456682.1239097,-0.00710164662450552
640,1260482803.412966,-0.008304513990879059
641,1260508924.7020223,-0.008085131645202637
642,1260535045.9910786,-0.010984919033944607
643,1260561167.280135,-0.009132142178714275
644,1260587288.5691912,-0.015038395300507545
645,1260613409.8582475,-0.0116005539894104
646,1260639531.1473038,-0.006627319380640984
647,1260665652.4363601,-0.005474831443279982
648,1260691773.7254164,-0.00293635088019073
649,1260717895.0144727,-0.0071479263715445995
650,1260744016.303529,-0.008838783018290997
651,1260770137.5925853,-0.012468764558434486
652,1260796258.8816416,-0.007208707742393017
653,1260822380.170698,-0.014096246100962162
654,1260848501.4597542,-0.011573158204555511
655,1260874622.7488105,-0.010688654147088528
656,1260900744.0378668,-0.009446864947676659
657,1260926865.3269231,-0.014112367294728756
658,1260952986.6159794,-0.004652924370020628
659,1260979107.9050357,-0.019483428448438644
660,1261005229.194092,-0.019560379907488823
661,1261031350.4831483,-0.017676454037427902
662,1261057471.7722046,-0.0047926572151482105
663,1261083593.061261,-0.006636674515902996
664,1261109714.3503172,-0.02164965495467186
665,1261135835.6393735,0.0
666,1261161956.9284298,0.0
667,1261188078.2174861,0.0
668,1261214199.5065424,0.0
669,1261240320.7955987,0.0
670,1261266442.084655,0.0
671,1261292563.3737113,0.0
672,1261318684.6627676,0.0
673,1261344805.951824,0.0
674,1261370927.2408803,0.0
675,1261397048.5299366,0.0
676,1261423169.8189929,0.0
677,1261449291.1080492,0.0
678,1261475412.3971055,0.0
679,1261501533.6861618,0.0
680,1261527654.975218,0.0
681,1261553776.2642744,0.0
682,1261579897.5533307,0.0
683,1261606018.842387,0.0
684,1261632140.1314433,0.0
685,1261658261.4204996,0.0
686,1261684382.7095559,0.0
687,1261710503.9986122,0.0
688,1261736625.2876685,0.0
689,1261762746.5767248,0.0
690,1261788867.865781,0.0
691,1261814989.1548374,0.0
692,1261841110.4438937,0.0
693,1261867231.73295,0.0
694,1261893353.0220063,0.0
695,1261919474.3110626,0.0
696,1261945595.6001189,0.0
697,1261971716.8891752,0.0
698,1261997838.1782315,0.0
699,1262023959.4672878,0.0
700,1262050080.756344,0.0
701,1262076202.0454004,0.0
702,1262102323.3344567,0.0
703,1262128444.623513,0.0
704,1262154565.9125693,0.0
705,1262180687.2016256,0.0
706,1262206808.490682,0.0
707,1262232929.7797382,0.0
708,1262259051.0687945,0.0
709,1262285172.3578508,0.0
710,1262311293.646907,0.0
711,1262337414.9359634,0.0
712,1262363536.2250197,0.0
713,1262389657.514076,0.0
714,1262415778.8031323,0.0
715,1262441900.0921886,0.0
716,1262468021.381245,0.0
717,1262494142.6703012,0.0
718,1262520263.9593575,0.0
719,1262546385.2484138,0.0
720,1262572506.53747,0.0
721,1262598627.8265264,0.0
722,1262624749.1155827,0.0
723,1262650870.404639,0.0
724,1262676991.6936953,0.0
725,1262703112.9827516,0.0
726,1262729234.271808,0.0
727,1262755355.5608642,0.0
728,1262781476.8499205,0.0
729,1262807598.1389768,0.0
730,1262833719.428033,0.0
731,1262859840.7170894,0.0
732,1262885962.0061457,0.0
733,1262912083.295202,0.0
734,1262938204.5842583,0.0
735,1262964325.8733146,0.0
736,1262990447.162371,0.0
737,1263016568.4514272,0.0
738,1263042689.7404835,0.0
739,1263068811.0295398,0.0
740,1263094932.3185961,0.0
741,1263121053.6076524,0.0
742,1263147174.8967087,0.0
743,1263173296.185765,0.0
744,1263199417.4748213,0.0
745,1263225538.7638776,0.0
746,1263251660.052934,0.0
747,1263277781.3419902,0.0
748,1263303902.6310465,0.0
749,1263330023.9201028,0.0
750,1263356145.2091591,0.0
751,1263382266.4982154,0.0
752,1263408387.7872717,0.0
753,1263434509.076328,0.0
754,1263460630.3653843,0.0
755,1263486751.6544406,0.0
756,1263512872.943497,0.0
757,1263538994.2325532,0.0
758,1263565115.5216095,0.0
759,1263591236.8106658,0.0
760,1263617358.0997221,0.0
761,1263643479.3887784,0.0
762,1263669600.6778347,0.0
763,1263695721.966891,0.0
764,1263721843.2559474,0.0
765,1263747964.5450037,0.0
766,1263774085.83406,0.0
767,1263800207.1231163,0.0
768,1263826328.4121726,0.0
769,1263852449.7012289,0.0
770,1263878570.9902852,0.0
771,1263904692.2793415,0.0
772,1263930813.5683978,0.0
773,1263956934.857454,0.0
774,1263983056.1465104,0.0
775,1264009177.4355667,0.0
776,1264035298.724623,0.0
777,1264061420.0136793,0.0
778,1264087541.3027356,0.0
779,1264113662.5917919,0.0
780,1264139783.8808482,0.0
781,1264165905.1699045,0.0
782,1264192026.4589608,0.0
783,1264218147.748017,0.0
784,1264244269.0370734,0.0
785,1264270390.3261297,0.0
786,1264296511.615186,0.0
787,1264322632.9042423,0.0
788,1264348754.1932986,0.0
789,1264374875.4823549,0.0
790,1264400996.7714112,0.0
791,1264427118.0604675,0.0
792,1264453239.3495238,0.0
793,1264479360.63858,0.0
794,1264505481.9276364,0.0
795,1264531603.2166927,0.0
796,1264557724.505749,0.0
797,1264583845.7948053,0.0
798,1264609967.0838616,0.0
799,1264636088.372918,0.0
800,1264662209.6619742,0.0
801,1264688330.9510305,0.0
802,1264714452.2400868,0.0
803,1264740573.529143,0.0
804,1264766694.8181994,0.0
805,1264792816.1072557,0.0
806,1264818937.396312,0.0
807,1264845058.6853683,0.0
808,1264871179.9744246,0.0
809,1264897301.263481,0.0
810,1264923422.5525372,0.0
811,1264949543.8415935,0.0
812,1264975665.1306498,0.0
813,1265001786.419706,0.0
814,1265027907.7087624,0.0
815,1265054028.9978187,0.0
816,1265080150.286875,0.0
817,1265106271.5759313,0.0
818,1265132392.8649876,0.0
819,1265158514.154044,0.0
820,1265184635.4431002,0.0
821,1265210756.7321565,0.0
822,1265236878.0212128,0.0
823,1265262999.310269,0.0
824,1265289120.5993254,0.0
825,1265315241.8883817,0.0
826,1265341363.177438,0.0
827,1265367484.4664943,0.0
828,1265393605.7555506,0.0
829,1265419727.044607,0.0
830,1265445848.3336632,0.0
831,1265471969.6227195,0.0
832,1265498090.9117758,0.0
833,1265524212.2008321,0.0
834,1265550333.4898884,0.0
835,1265576454.7789447,0.0
836,1265602576.068001,0.0
837,1265628697.3570573,0.0
838,1265654818.6461136,0.0
839,1265680939.93517,0.0
840,1265707061.2242262,0.0
841,1265733182.5132825,0.0
842,1265759303.8023388,0.0
843,1265785425.0913951,0.0
844,1265811546.3804514,0.0
845,1265837667.6695077,0.0
846,1265863788.958564,0.0
847,1265889910.2476203,0.0
848,1265916031.5366766,0.0
849,1265942152.825733,0.0
850,1265968274.1147892,0.0
851,1265994395.4038455,0.0
852,1266020516.6929018,0.0
853,1266046637.9819582,0.0
854,1266072759.2710145,0.0
855,1266098880.5600708,0.0
856,1266125001.849127,0.0
857,1266151123.1381834,0.0
858,1266177244.4272397,0.0
859,1266203365.716296,0.0
860,1266229487.0053523,0.0
861,1266255608.2944086,0.0
862,1266281729.5834649,0.0
863,1266307850.8725212,0.0
864,1266333972.1615775,0.0
865,1266360093.4506338,0.0
866,1266386214.73969,0.0
867,1266412336.0287464,0.0
868,1266438457.3178027,0.0
869,1266464578.606859,0.0
870,1266490699.8959153,0.0
871,1266516821.1849716,0.0
872,1266542942.4740279,0.0
873,1266569063.7630842,0.0
874,1266595185.0521405,0.0
875,1266621306.3411968,0.0
876,1266647427.630253,0.0
877,1266673548.9193094,0.0
878,1266699670.2083657,0.0
879,1266725791.497422,0.0
880,1266751912.7864783,0.0
881,1266778034.0755346,0.0
882,1266804155.364591,0.0
883,1266830276.6536472,0.0
884,1266856397.9427035,0.0
885,1266882519.2317598,0.0
886,1266908640.520816,0.0
887,1266934761.8098724,0.0
888,1266960883.0989287,0.0
889,1266987004.387985,0.0
890,1267013125.6770413,0.0
891,1267039246.9660976,0.0
892,1267065368.255154,0.0
893,1267091489.5442102,0.0
894,1267117610.8332665,0.0
895,1267143732.1223228,0.0
896,1267169853.411379,0.0
897,1267195974.7004354,0.0
898,1267222095.9894917,0.0
899,1267248217.278548,0.0
900,1267274338.5676043,0.0
901,1267300459.8566606,0.0
902,1267326581.145717,0.0
903,1267352702.4347732,0.0
904,1267378823.7238295,0.0
905,1267404945.0128858,0.0
906,1267431066.301942,0.0
907,1267457187.5909984,0.0
908,1267483308.8800547,0.0
909,1267509430.169111,0.0
910,1267535551.4581673,0.0
911,1267561672.7472236,0.0
912,1267587794.03628,0.0
913,1267613915.3253362,0.0
914,1267640036.6143925,0.0
915,1267666157.9034488,0.0
916,1267692279.1925051,0.0
917,1267718400.4815614,0.0
918,1267744521.7706177,0.0
919,1267770643.059674,0.0
920,1267796764.3487303,0.0
921,1267822885.6377866,0.0
922,1267849006.926843,0.0
923,1267875128.2158992,0.0
924,1267901249.5049555,0.0
925,1267927370.7940118,0.0
926,1267953492.0830681,0.0
927,1267979613.3721244,0.0
928,1268005734.6611807,0.0
929,1268031855.950237,0.0
930,1268057977.2392933,0.0
931,1268084098.5283496,0.0
932,1268110219.817406,0.0
933,1268136341.1064622,0.0
934,1268162462.3955185,0.0
935,1268188583.6845748,0.0
936,1268214704.9736311,0.0
937,1268240826.2626874,0.0
938,1268266947.5517437,0.0
939,1268293068.8408,0.0
940,1268319190.1298563,0.0
941,1268345311.4189126,0.0
942,1268371432.707969,0.0
943,1268397553.9970253,0.0
944,1268423675.2860816,0.0
945,1268449796.5751379,0.0
946,1268475917.8641942,0.0
947,1268502039.1532505,0.0
948,1268528160.4423068,0.0
949,1268554281.731363,0.0
950,1268580403.0204194,0.0
951,1268606524.3094757,0.0
952,1268632645.598532,0.0
953,1268658766.8875883,0.0
954,1268684888.1766446,0.0
955,1268711009.4657009,0.0
956,1268737130.7547572,0.0
957,1268763252.0438135,0.0
958,1268789373.3328698,0.0
959,1268815494.621926,0.0
960,1268841615.9109824,0.0
961,1268867737.2000387,0.0
962,1268893858.489095,0.0
963,1268919979.7781513,0.0
964,1268946101.0672076,0.0
965,1268972222.3562639,0.0
966,1268998343.6453202,0.0
967,1269024464.9343765,0.0
968,1269050586.2234328,0.0
969,1269076707.512489,0.0
970,1269102828.8015454,0.0
971,1269128950.0906017,0.0
972,1269155071.379658,0.0
973,1269181192.6687143,0.0
974,1269207313.9577706,0.0
975,1269233435.246827,0.0
976,1269259556.5358832,0.0
977,1269285677.8249395,0.0
978,1269311799.1139958,0.0
979,1269337920.403052,0.0
980,1269364041.6921084,0.0
981,1269390162.9811647,0.0
982,1269416284.270221,0.0
983,1269442405.5592773,0.0
984,1269468526.8483336,0.0
985,1269494648.13739,0.0
986,1269520769.4264462,0.0
987,1269546890.7155025,0.0
988,1269573012.0045588,0.0
989,1269599133.293615,0.0
990,1269625254.5826714,0.0
991,1269651375.8717277,0.0
992,1269677497.160784,0.0
993,1269703618.4498403,0.0
994,1269729739.7388966,0.0
995,1269755861.027953,0.0
996,1269781982.3170092,0.0
997,1269808103.6060655,0.0
998,1269834224.8951218,0.0
999,1269860346.184178,0.0
1000,1269886467.4732344,0.0
1001,1269912588.7622907,0.0
1002,1269938710.051347,0.0
1003,1269964831.3404033,0.0
1004,1269990952.6294596,0.0
1005,1270017073.918516,0.0
1006,1270043195.2075722,0.0
1007,1270069316.4966285,0.0
1008,1270095437.7856848,0.0
1009,1270121559.0747411,0.0
1010,1270147680.3637974,0.0
1011,1270173801.6528537,0.0
1012,1270199922.94191,0.0
1013,1270226044.2309663,0.0
1014,1270252165.5200226,0.0
1015,1270278286.809079,0.0
1016,1270304408.0981352,0.0
1017,1270330529.3871915,0.0
1018,1270356650.6762478,0.0
1019,1270382771.9653041,0.0
1020,1270408893.2543604,0.0
1021,1270435014.5434167,0.0
1022,1270461135.832473,0.0
1023,1270487257.1215293,0.0
1024,1270513378.4105856,0.0
1025,1270539499.699642,0.0
1026,1270565620.9886982,0.0
1027,1270591742.2777545,0.0
1028,1270617863.5668108,0.0
1029,1270643984.8558671,0.0
1030,1270670106.1449234,0.0
1031,1270696227.4339797,0.0
1032,1270722348.723036,0.0
1033,1270748470.0120924,0.0
1034,1270774591.3011487,0.0
1035,1270800712.590205,0.0
1036,1270826833.8792613,0.0
1037,1270852955.1683176,0.0
1038,1270879076.4573739,0.0
1039,1270905197.7464302,0.0
1040,1270931319.0354865,0.0
1041,1270957440.3245428,0.0
1042,1270983561.613599,0.0
1043,1271009682.9026554,0.0
1044,1271035804.1917117,0.0
1045,1271061925.480768,0.0
1046,1271088046.7698243,0.0
1047,1271114168.0588806,0.0
1048,1271140289.3479369,0.0
1049,1271166410.6369932,0.0
1050,1271192531.9260495,0.0
1051,1271218653.2151058,0.0
1052,1271244774.504162,0.0
1053,1271270895.7932184,0.0
1054,1271297017.0822747,0.0
1055,1271323138.371331,0.0
1056,1271349259.6603873,0.0
1057,1271375380.9494436,0.0
1058,1271401502.2384999,0.0
1059,1271427623.5275562,0.0
1060,1271453744.8166125,0.0
1061,1271479866.1056688,0.0
1062,1271505987.394725,0.0
1063,1271532108.6837814,0.0
1064,1271558229.9728377,0.0
1065,1271584351.261894,0.0
1066,1271610472.5509503,0.0
1067,1271636593.8400066,0.0
1068,1271662715.129063,0.0
1069,1271688836.4181192,0.0
1070,1271714957.7071755,0.0
1071,1271741078.9962318,0.0
1072,1271767200.285288,0.0
1073,1271793321.5743444,0.0
1074,1271819442.8634007,0.0
1075,1271845564.152457,0.0
1076,1271871685.4415133,0.0
1077,1271897806.7305696,0.0
1078,1271923928.019626,0.0
1079,1271950049.3086822,0.0
1080,1271976170.5977385,0.0
1081,1272002291.8867948,0.0
1082,1272028413.175851,0.0
1083,1272054534.4649074,0.0
1084,1272080655.7539637,0.0
1085,1272106777.04302,0.0
1086,1272132898.3320763,0.0
1087,1272159019.6211326,0.0
1088,1272185140.910189,0.0
1089,1272211262.1992452,0.0
1090,1272237383.4883015,0.0
1091,1272263504.7773578,0.0
1092,1272289626.066414,0.0
1093,1272315747.3554704,0.0
1094,1272341868.6445267,0.0
1095,1272367989.933583,0.0
1096,1272394111.2226393,0.0
1097,1272420232.5116956,0.0
1098,1272446353.800752,0.0
1099,1272472475.0898082,0.0
1100,1272498596.3788645,0.0
1101,1272524717.6679208,0.0
1102,1272550838.9569771,0.0
1103,1272576960.2460334,0.0
1104,1272603081.5350897,0.0
1105,1272629202.824146,0.0
1106,1272655324.1132023,0.0
1107,1272681445.4022586,0.0
1108,1272707566.691315,0.0
1109,1272733687.9803712,0.0
1110,1272759809.2694275,0.0
1111,1272785930.5584838,0.0
1112,1272812051.8475401,0.0
1113,1272838173.1365964,0.0
1114,1272864294.4256527,0.0
1115,1272890415.714709,0.0
1116,1272916537.0037653,0.0
1117,1272942658.2928216,0.0
1118,1272968779.581878,0.0
1119,1272994900.8709342,0.0
1120,1273021022.1599905,0.0
1121,1273047143.4490469,0.0
1122,1273073264.7381032,0.0
1123,1273099386.0271595,0.0
1124,1273125507.3162158,0.0
1125,1273151628.605272,0.0
1126,1273177749.8943284,0.0
1127,1273203871.1833847,0.0
1128,1273229992.472441,0.0
1129,1273256113.7614973,0.0
1130,1273282235.0505536,0.0
1131,1273308356.3396099,0.0
1132,1273334477.6286662,0.0
1133,1273360598.9177225,0.0
1134,1273386720.2067788,0.0
1135,1273412841.495835,0.0
1136,1273438962.7848914,0.0
1137,1273465084.0739477,0.0
1138,1273491205.363004,0.0
1139,1273517326.6520603,0.0
1140,1273543447.9411166,0.0
1141,1273569569.2301729,0.0
1142,1273595690.5192292,0.0
1143,1273621811.8082855,0.0
1144,1273647933.0973418,0.0
1145,1273674054.386398,0.0
1146,1273700175.6754544,0.0
1147,1273726296.9645107,0.0
1148,1273752418.253567,0.0
1149,1273778539.5426233,0.0
1150,1273804660.8316796,0.0
1151,1273830782.120736,0.0
1152,1273856903.4097922,0.0
1153,1273883024.6988485,0.0
1154,1273909145.9879048,0.0
1155,1273935267.276961,0.0
1156,1273961388.5660174,0.0
1157,1273987509.8550737,0.0
1158,1274013631.14413,0.0
1159,1274039752.4331863,0.0
1160,1274065873.7222426,0.0
1161,1274091995.011299,0.0
1162,1274118116.3003552,0.0
1163,1274144237.5894115,0.0
1164,1274170358.8784678,0.0
1165,1274196480.167524,0.0
1166,1274222601.4565804,0.0
1167,1274248722.7456367,0.0
1168,1274274844.034693,0.0
1169,1274300965.3237493,0.0
1170,1274327086.6128056,0.0
1171,1274353207.901862,0.0
1172,1274379329.1909182,0.0
1173,1274405450.4799745,0.0
1174,1274431571.7690308,0.0
1175,1274457693.058087,0.0
1176,1274483814.3471434,0.0
1177,1274509935.6361997,0.0
1178,1274536056.925256,0.0
1179,1274562178.2143123,0.0
1180,1274588299.5033686,0.0
1181,1274614420.792425,0.0
1182,1274640542.0814812,0.0
1183,1274666663.3705375,0.0
1184,1274692784.6595938,0.0
1185,1274718905.9486501,0.0
1186,1274745027.2377064,0.0
1187,1274771148.5267627,0.0
1188,1274797269.815819,0.0
1189,1274823391.1048753,0.0
1190,1274849512.3939316,0.0
1191,1274875633.682988,0.0
1192,1274901754.9720442,0.0
1193,1274927876.2611005,0.0
1194,1274953997.5501568,0.0
1195,1274980118.8392131,0.0
1196,1275006240.1282694,0.0
1197,1275032361.4173257,0.0
1198,1275058482.706382,0.0
1199,1275084603.9954383,0.0
1200,1275110725.2844946,0.0
1201,1275136846.573551,0.0
1202,1275162967.8626072,0.0
1203,1275189089.1516635,0.0
1204,1275215210.4407198,0.0
1205,1275241331.7297761,0.0
1206,1275267453.0188324,0.0
1207,1275293574.3078887,0.0
1208,1275319695.596945,0.0
1209,1275345816.8860013,0.0
1210,1275371938.1750576,0.0
1211,1275398059.464114,0.0
1212,1275424180.7531703,0.0
1213,1275450302.0422266,0.0
1214,1275476423.3312829,0.0
1215,1275502544.6203392,0.0
1216,1275528665.9093955,0.0
1217,1275554787.1984518,0.0
1218,1275580908.487508,0.0
1219,1275607029.7765644,0.0
1220,1275633151.0656207,0.0
1221,1275659272.354677,0.0
1222,1275685393.6437333,0.0
1223,1275711514.9327896,0.0
1224,1275737636.2218459,0.0
1225,1275763757.5109022,0.0
1226,1275789878.7999585,0.0
1227,1275816000.0890148,0.0
1228,1275842121.378071,0.0
1229,1275868242.6671274,0.0
1230,1275894363.9561837,0.0
1231,1275920485.24524,0.0
1232,1275946606.5342963,0.0
1233,1275972727.8233526,0.0
1234,1275998849.1124089,0.0
1235,1276024970.4014652,0.0
1236,1276051091.6905215,0.0
1237,1276077212.9795778,0.0
1238,1276103334.268634,0.0
1239,1276129455.5576904,0.0
1240,1276155576.8467467,0.0
1241,1276181698.135803,0.0
1242,1276207819.4248593,0.0
1243,1276233940.7139156,0.0
1244,1276260062.002972,0.0
1245,1276286183.2920282,0.0
1246,1276312304.5810845,0.0
1247,1276338425.8701408,0.0
1248,1276364547.159197,0.0
1249,1276390668.4482534,0.0
1250,1276416789.7373097,0.0
1251,1276442911.026366,0.0
1252,1276469032.3154223,0.0
1253,1276495153.6044786,0.0
1254,1276521274.893535,0.0
1255,1276547396.1825912,0.0
1256,1276573517.4716475,0.0
1257,1276599638.7607038,0.0
1258,1276625760.04976,0.0
1259,1276651881.3388164,0.0
1260,1276678002.6278727,0.0
1261,1276704123.916929,0.0
1262,1276730245.2059853,0.0
1263,1276756366.4950416,0.0
1264,1276782487.784098,0.0
1265,1276808609.0731542,0.0
1266,1276834730.3622105,0.0
1267,1276860851.6512668,0.0
1268,1276886972.940323,0.0
1269,1276913094.2293794,0.0
1270,1276939215.5184357,0.0
1271,1276965336.807492,0.0
1272,1276991458.0965483,0.0
1273,1277017579.3856046,0.0
1274,1277043700.674661,0.0
1275,1277069821.9637172,0.0
1276,1277095943.2527735,0.0
1277,1277122064.5418298,0.0
1278,1277148185.8308861,0.0
1279,1277174307.1199424,0.0
1280,1277200428.4089987,0.0
1281,1277226549.698055,0.0
1282,1277252670.9871113,0.0
1283,1277278792.2761676,0.0
1284,1277304913.565224,0.0
1285,1277331034.8542802,0.0
1286,1277357156.1433365,0.0
1287,1277383277.4323928,0.0
1288,1277409398.7214491,0.0
1289,1277435520.0105054,0.0
1290,1277461641.2995617,0.0
1291,1277487762.588618,0.0
1292,1277513883.8776743,0.0
1293,1277540005.1667306,0.0
1294,1277566126.455787,0.0
1295,1277592247.7448432,0.0
1296,1277618369.0338995,0.0
1297,1277644490.3229558,0.0
1298,1277670611.6120121,0.0
1299,1277696732.9010684,0.0
1300,1277722854.1901248,0.0
1301,1277748975.479181,0.0
1302,1277775096.7682374,0.0
1303,1277801218.0572937,0.0
1304,1277827339.34635,0.0
1305,1277853460.6354063,0.0
1306,1277879581.9244626,0.0
1307,1277905703.2135189,0.0
1308,1277931824.5025752,0.0
1309,1277957945.7916315,0.0
1310,1277984067.0806878,0.0
1311,1278010188.369744,0.0
1312,1278036309.6588004,0.0
1313,1278062430.9478567,0.0
1314,1278088552.236913,0.0
1315,1278114673.5259693,0.0
1316,1278140794.8150256,0.0
1317,1278166916.1040819,0.0
1318,1278193037.3931382,0.0
1319,1278219158.6821945,0.0
1320,1278245279.9712508,0.0
1321,1278271401.260307,0.0
1322,1278297522.5493634,0.0
1323,1278323643.8384197,0.0
1324,1278349765.127476,0.0
1325,1278375886.4165323,0.0
1326,1278402007.7055886,0.0
1327,1278428128.9946449,0.0
1328,1278454250.2837012,0.0
1329,1278480371.5727575,0.0
1330,1278506492.8618138,0.0
1331,1278532614.15087,0.0
1332,1278558735.4399264,0.0
1333,1278584856.7289827,0.0
1334,1278610978.018039,0.0
1335,1278637099.3070953,0.0
1336,1278663220.5961516,0.0
1337,1278689341.885208,0.0
1338,1278715463.1742642,0.0
1339,1278741584.4633205,0.0
1340,1278767705.7523768,0.0
1341,1278793827.041433,0.0
1342,1278819948.3304894,0.0
1343,1278846069.6195457,0.0
1344,1278872190.908602,0.0
1345,1278898312.1976583,0.0
1346,1278924433.4867146,0.0
1347,1278950554.775771,0.0
1348,1278976676.0648272,0.0
1349,1279002797.3538835,0.0
1350,1279028918.6429398,0.0
1351,1279055039.931996,0.0
1352,1279081161.2210524,0.0
1353,1279107282.5101087,0.0
1354,1279133403.799165,0.0
1355,1279159525.0882213,0.0
1356,1279185646.3772776,0.0
1357,1279211767.666334,0.0
1358,1279237888.9553902,0.0
1359,1279264010.2444465,0.0
1360,1279290131.5335028,0.0
1361,1279316252.822559,0.0
1362,1279342374.1116154,0.0
1363,1279368495.4006717,0.0
1364,1279394616.689728,0.0
1365,1279420737.9787843,0.0
1366,1279446859.2678406,0.0
1367,1279472980.556897,0.0
1368,1279499101.8459532,0.0
1369,1279525223.1350095,0.0
1370,1279551344.4240658,0.0
1371,1279577465.7131221,0.0
1372,1279603587.0021784,0.0
1373,1279629708.2912347,0.0
1374,1279655829.580291,0.0
1375,1279681950.8693473,0.0
1376,1279708072.1584036,0.0
1377,1279734193.44746,0.0
1378,1279760314.7365162,0.0
1379,1279786436.0255725,0.0
1380,1279812557.3146288,0.0
1381,1279838678.6036851,0.0
1382,1279864799.8927414,0.0
1383,1279890921.1817977,0.0
1384,1279917042.470854,0.0
1385,1279943163.7599103,0.0
1386,1279969285.0489666,0.0
1387,1279995406.338023,0.0
1388,1280021527.6270792,0.0
1389,1280047648.9161355,0.0
1390,1280073770.2051919,0.0
1391,1280099891.4942482,0.0
1392,1280126012.7833045,0.0
1393,1280152134.0723608,0.0
1394,1280178255.361417,0.0
1395,1280204376.6504734,0.0
1396,1280230497.9395297,0.0
1397,1280256619.228586,0.0
1398,1280282740.5176423,0.0
1399,1280308861.8066986,0.0
1400,1280334983.0957549,0.0
1401,1280361104.3848112,0.0
1402,1280387225.6738675,0.0
1403,1280413346.9629238,0.0
1404,1280439468.25198,0.0
1405,1280465589.5410364,0.0
1406,1280491710.8300927,0.0
1407,1280517832.119149,0.0
1408,1280543953.4082053,0.0
1409,1280570074.6972616,0.0
1410,1280596195.9863179,0.0
1411,1280622317.2753742,0.0
1412,1280648438.5644305,0.0
1413,1280674559.8534868,0.0
1414,1280700681.142543,0.0
1415,1280726802.4315994,0.0
1416,1280752923.7206557,0.0
1417,1280779045.009712,0.0
1418,1280805166.2987683,0.0
1419,1280831287.5878246,0.0
1420,1280857408.876881,0.0
1421,1280883530.1659372,0.0
1422,1280909651.4549935,0.0
1423,1280935772.7440498,0.0
1424,1280961894.033106,0.0
1425,1280988015.3221624,0.0
1426,1281014136.6112187,0.0
1427,1281040257.900275,0.0
1428,1281066379.1893313,0.0
1429,1281092500.4783876,0.0
1430,1281118621.767444,0.0
1431,1281144743.0565002,0.0
1432,1281170864.3455565,0.0
1433,1281196985.6346128,0.0
1434,1281223106.923669,0.0
1435,1281249228.2127254,0.0
1436,1281275349.5017817,0.0
1437,1281301470.790838,0.0
1438,1281327592.0798943,0.0
1439,1281353713.3689506,0.0
1440,1281379834.658007,0.0
1441,1281405955.9470632,0.0
1442,1281432077.2361195,0.0
1443,1281458198.5251758,0.0
1444,1281484319.814232,0.0
1445,1281510441.1032884,0.0
1446,1281536562.3923447,0.0
1447,1281562683.681401,0.0
1448,1281588804.9704573,0.0
1449,1281614926.2595136,0.0
1450,1281641047.54857,0.0
1451,1281667168.8376262,0.0
1452,1281693290.1266825,0.0
1453,1281719411.4157388,0.0
1454,1281745532.7047951,0.0
1455,1281771653.9938514,0.0
1456,1281797775.2829077,0.0
1457,1281823896.571964,0.0
1458,1281850017.8610203,0.0
1459,1281876139.1500766,0.0
1460,1281902260.439133,0.0
1461,1281928381.7281892,0.0
1462,1281954503.0172455,0.0
1463,1281980624.3063018,0.0
1464,1282006745.5953581,0.0
1465,1282032866.8844144,0.0
1466,1282058988.1734707,0.0
1467,1282085109.462527,0.0
1468,1282111230.7515833,0.0
1469,1282137352.0406396,0.0
1470,1282163473.329696,0.0
1471,1282189594.6187522,0.0
1472,1282215715.9078085,0.0
1473,1282241837.1968648,0.0
1474,1282267958.4859211,0.0
1475,1282294079.7749774,0.0
1476,1282320201.0640337,0.0
1477,1282346322.35309,0.0
1478,1282372443.6421463,0.0
1479,1282398564.9312027,0.0
1480,1282424686.220259,0.0
1481,1282450807.5093153,0.0
1482,1282476928.7983716,0.0
1483,1282503050.0874279,0.0
1484,1282529171.3764842,0.0
1485,1282555292.6655405,0.0
1486,1282581413.9545968,0.0
1487,1282607535.243653,0.0
1488,1282633656.5327094,0.0
1489,1282659777.8217657,0.0
1490,1282685899.110822,0.0
1491,1282712020.3998783,0.0
1492,1282738141.6889346,0.0
1493,1282764262.9779909,0.0
1494,1282790384.2670472,0.0
1495,1282816505.5561035,0.0
1496,1282842626.8451598,0.0
1497,1282868748.134216,0.0
1498,1282894869.4232724,0.0
1499,1282920990.7123287,0.0
1500,1282947112.001385,0.0
1501,1282973233.2904413,0.0
1502,1282999354.5794976,0.0
1503,1283025475.8685539,0.0
1504,1283051597.1576102,0.0
1505,1283077718.4466665,0.0
1506,1283103839.7357228,0.0
1507,1283129961.024779,0.0
1508,1283156082.3138354,0.0
1509,1283182203.6028917,0.0
1510,1283208324.891948,0.0
1511,1283234446.1810043,0.0
1512,1283260567.4700606,0.0
1513,1283286688.759117,0.0
1514,1283312810.0481732,0.0
1515,1283338931.3372295,0.0
1516,1283365052.6262858,0.0
1517,1283391173.915342,0.0
1518,1283417295.2043984,0.0
1519,1283443416.4934547,0.0
1520,1283469537.782511,0.0
1521,1283495659.0715673,0.0
1522,1283521780.3606236,0.0
1523,1283547901.64968,0.0
1524,1283574022.9387362,0.0
1525,1283600144.2277925,0.0
1526,1283626265.5168488,0.0
1527,1283652386.805905,0.0
1528,1283678508.0949614,0.0
1529,1283704629.3840177,0.0
1530,1283730750.673074,0.0
1531,1283756871.9621303,0.0
1532,1283782993.2511866,0.0
1533,1283809114.540243,0.0
1534,1283835235.8292992,0.0
1535,1283861357.1183555,0.0
1536,1283887478.4074118,0.0
1537,1283913599.696468,0.0
1538,1283939720.9855244,0.0
1539,1283965842.2745807,0.0
1540,1283991963.563637,0.0
1541,1284018084.8526933,0.0
1542,1284044206.1417496,0.0
1543,1284070327.430806,0.0
1544,1284096448.7198622,0.0
1545,1284122570.0089185,0.0
1546,1284148691.2979748,0.0
1547,1284174812.5870311,0.0
1548,1284200933.8760874,0.0
1549,1284227055.1651437,0.0
1550,1284253176.4542,0.0
1551,1284279297.7432563,0.0
1552,1284305419.0323126,0.0
1553,1284331540.321369,0.0
1554,1284357661.6104252,0.0
1555,1284383782.8994815,0.0
1556,1284409904.1885378,0.0
1557,1284436025.4775941,0.0
1558,1284462146.7666504,0.0
1559,1284488268.0557067,0.0
1560,1284514389.344763,0.0
1561,1284540510.6338193,0.0
1562,1284566631.9228756,0.0
1563,1284592753.211932,0.0
1564,1284618874.5009882,0.0
1565,1284644995.7900445,0.0
1566,1284671117.0791008,0.0
1567,1284697238.3681571,0.0
1568,1284723359.6572134,0.0
1569,1284749480.9462698,0.0
1570,1284775602.235326,0.0
1571,1284801723.5243824,0.0
1572,1284827844.8134387,0.0
1573,1284853966.102495,0.0
1574,1284880087.3915513,0.0
1575,1284906208.6806076,0.0
1576,1284932329.9696639,0.0
1577,1284958451.2587202,0.0
1578,1284984572.5477765,0.0
1579,1285010693.8368328,0.0
1580,1285036815.125889,0.0
1581,1285062936.4149454,0.0
1582,1285089057.7040017,0.0
1583,1285115178.993058,0.0
1584,1285141300.2821143,0.0
1585,1285167421.5711706,0.0
1586,1285193542.8602269,0.0
1587,1285219664.1492832,0.0
1588,1285245785.4383395,0.0
1589,1285271906.7273958,0.0
1590,1285298028.016452,0.0
1591,1285324149.3055084,0.0
1592,1285350270.5945647,0.0
1593,1285376391.883621,0.0
1594,1285402513.1726773,0.0
1595,1285428634.4617336,0.0
1596,1285454755.7507899,0.0
1597,1285480877.0398462,0.0
1598,1285506998.3289025,0.0
1599,1285533119.6179588,0.0
1600,1285559240.907015,0.0
1601,1285585362.1960714,0.0
1602,1285611483.4851277,0.0
1603,1285637604.774184,0.0
1604,1285663726.0632403,0.0
1605,1285689847.3522966,0.0
1606,1285715968.641353,0.0
1607,1285742089.9304092,0.0
1608,1285768211.2194655,0.0
1609,1285794332.5085218,0.0
1610,1285820453.797578,0.0
1611,1285846575.0866344,0.0
1612,1285872696.3756907,0.0
1613,1285898817.664747,0.0
1614,1285924938.9538033,0.0
1615,1285951060.2428596,0.0
1616,1285977181.531916,0.0
1617,1286003302.8209722,0.0
1618,1286029424.1100285,0.0
1619,1286055545.3990848,0.0
1620,1286081666.688141,0.0
1621,1286107787.9771974,0.0
1622,1286133909.2662537,0.0
1623,1286160030.55531,0.0
1624,1286186151.8443663,0.0
1625,1286212273.1334226,0.0
1626,1286238394.422479,0.0
1627,1286264515.7115352,0.0
1628,1286290637.0005915,0.0
1629,1286316758.2896478,0.0
1630,1286342879.578704,0.0
1631,1286369000.8677604,0.0
1632,1286395122.1568167,0.0
1633,1286421243.445873,0.0
1634,1286447364.7349293,0.0
1635,1286473486.0239856,0.0
1636,1286499607.313042,0.0
1637,1286525728.6020982,0.0
1638,1286551849.8911545,0.0
1639,1286577971.1802108,0.0
1640,1286604092.4692671,0.0
1641,1286630213.7583234,0.0
1642,1286656335.0473797,0.0
1643,1286682456.336436,0.0
1644,1286708577.6254923,0.0
1645,1286734698.9145486,0.0
1646,1286760820.203605,0.0
1647,1286786941.4926612,0.0
1648,1286813062.7817175,0.0
1649,1286839184.0707738,0.0
1650,1286865305.3598301,0.0
1651,1286891426.6488864,0.0
1652,1286917547.9379427,0.0
1653,1286943669.226999,0.0
1654,1286969790.5160553,0.0
1655,1286995911.8051116,0.0
1656,1287022033.094168,0.0
1657,1287048154.3832242,0.0
1658,1287074275.6722806,0.0
1659,1287100396.9613369,0.0
1660,1287126518.2503932,0.0
1661,1287152639.5394495,0.0
1662,1287178760.8285058,0.0
1663,1287204882.117562,0.0
1664,1287231003.4066184,0.0
1665,1287257124.6956747,0.0
1666,1287283245.984731,0.0
1667,1287309367.2737873,0.0
1668,1287335488.5628436,0.0
1669,1287361609.8518999,0.0
1670,1287387731.1409562,0.0
1671,1287413852.4300125,0.0
1672,1287439973.7190688,0.0
1673,1287466095.008125,0.0
1674,1287492216.2971814,0.0
1675,1287518337.5862377,0.0
1676,1287544458.875294,0.0
1677,1287570580.1643503,0.0
1678,1287596701.4534066,0.0
1679,1287622822.7424629,0.0
1680,1287648944.0315192,0.0
1681,1287675065.3205755,0.0
1682,1287701186.6096318,0.0
1683,1287727307.898688,0.0
1684,1287753429.1877444,0.0
1685,1287779550.4768007,0.0
1686,1287805671.765857,0.0
1687,1287831793.0549133,0.0
1688,1287857914.3439696,0.0
1689,1287884035.633026,0.0
1690,1287910156.9220822,0.0
1691,1287936278.2111385,0.0
1692,1287962399.5001948,0.0
1693,1287988520.789251,0.0
1694,1288014642.0783074,0.0
1695,1288040763.3673637,0.0
1696,1288066884.65642,0.0
1697,1288093005.9454763,0.0
1698,1288119127.2345326,0.0
1699,1288145248.523589,0.0
1700,1288171369.8126452,0.0
1701,1288197491.1017015,0.0
1702,1288223612.3907578,0.0
1703,1288249733.679814,0.0
1704,1288275854.9688704,0.0
1705,1288301976.2579267,0.0
1706,1288328097.546983,0.0
1707,1288354218.8360393,0.0
1708,1288380340.1250956,0.0
1709,1288406461.414152,0.0
1710,1288432582.7032082,0.0
1711,1288458703.9922645,0.0
1712,1288484825.2813208,0.0
1713,1288510946.570377,0.0
1714,1288537067.8594334,0.0
1715,1288563189.1484897,0.0
1716,1288589310.437546,0.0
1717,1288615431.7266023,0.0
1718,1288641553.0156586,0.0
1719,1288667674.304715,0.0
1720,1288693795.5937712,0.0
1721,1288719916.8828275,0.0
1722,1288746038.1718838,0.0
1723,1288772159.4609401,0.0
1724,1288798280.7499964,0.0
1725,1288824402.0390527,0.0
1726,1288850523.328109,0.0
1727,1288876644.6171653,0.0
1728,1288902765.9062216,0.0
1729,1288928887.195278,0.0
1730,1288955008.4843342,0.0
1731,1288981129.7733905,0.0
1732,1289007251.0624468,0.0
1733,1289033372.3515031,0.0
1734,1289059493.6405594,0.0
1735,1289085614.9296157,0.0
1736,1289111736.218672,0.0
1737,1289137857.5077283,0.0
1738,1289163978.7967846,0.0
1739,1289190100.085841,0.0
1740,1289216221.3748972,0.0
1741,1289242342.6639535,0.0
1742,1289268463.9530098,0.0
1743,1289294585.2420661,0.0
1744,1289320706.5311224,0.0
1745,1289346827.8201787,0.0
1746,1289372949.109235,0.0
1747,1289399070.3982913,0.0
1748,1289425191.6873477,0.0
1749,1289451312.976404,0.0
1750,1289477434.2654603,0.0
1751,1289503555.5545166,0.0
1752,1289529676.8435729,0.0
1753,1289555798.1326292,0.0
1754,1289581919.4216855,0.0
1755,1289608040.7107418,0.0
1756,1289634161.999798,0.0
1757,1289660283.2888544,0.0
1758,1289686404.5779107,0.0
1759,1289712525.866967,0.0
1760,1289738647.1560233,0.0
1761,1289764768.4450796,0.0
1762,1289790889.7341359,0.0
1763,1289817011.0231922,0.0
1764,1289843132.3122485,0.0
1765,1289869253.6013048,0.0
1766,1289895374.890361,0.0
1767,1289921496.1794174,0.0
1768,1289947617.4684737,0.0
1769,1289973738.75753,0.0
1770,1289999860.0465863,0.0
1771,1290025981.3356426,0.0
1772,1290052102.6246989,0.0
1773,1290078223.9137552,0.0
1774,1290104345.2028115,0.0
1775,1290130466.4918678,0.0
1776,1290156587.780924,0.0
1777,1290182709.0699804,0.0
1778,1290208830.3590367,0.0
1779,1290234951.648093,0.0
1780,1290261072.9371493,0.0
1781,1290287194.2262056,0.0
1782,1290313315.515262,0.0
1783,1290339436.8043182,0.0
1784,1290365558.0933745,0.0
1785,1290391679.3824308,0.0
1786,1290417800.671487,0.0
1787,1290443921.9605434,0.0
1788,1290470043.2495997,0.0
1789,1290496164.538656,0.0
1790,1290522285.8277123,0.0
1791,1290548407.1167686,0.0
1792,1290574528.405825,0.0
1793,1290600649.6948812,0.0
1794,1290626770.9839375,0.0
1795,1290652892.2729938,0.0
1796,1290679013.56205,0.0
1797,1290705134.8511064,0.0
1798,1290731256.1401627,0.0
1799,1290757377.429219,0.0
1800,1290783498.7182753,0.0
1801,1290809620.0073316,0.0
1802,1290835741.296388,0.0
1803,1290861862.5854442,0.0
1804,1290887983.8745005,0.0
1805,1290914105.1635568,0.0
1806,1290940226.452613,0.0
1807,1290966347.7416694,0.0
1808,1290992469.0307257,0.0
1809,1291018590.319782,0.0
1810,1291044711.6088383,0.0
1811,1291070832.8978946,0.0
1812,1291096954.186951,0.0
1813,1291123075.4760072,0.0
1814,1291149196.7650635,0.0
1815,1291175318.0541198,0.0
1816,1291201439.3431761,0.0
1817,1291227560.6322324,0.0
1818,1291253681.9212887,0.0
1819,1291279803.210345,0.0
1820,1291305924.4994013,0.0
1821,1291332045.7884576,0.0
1822,1291358167.077514,0.0
1823,1291384288.3665702,0.0
1824,1291410409.6556265,0.0
1825,1291436530.9446828,0.0
1826,1291462652.2337391,0.0
1827,1291488773.5227954,0.0
1828,1291514894.8118517,0.0
1829,1291541016.100908,0.0
1830,1291567137.3899643,0.0
1831,1291593258.6790206,0.0
1832,1291619379.968077,0.0
1833,1291645501.2571332,0.0
1834,1291671622.5461895,0.0
1835,1291697743.8352458,0.0
1836,1291723865.1243021,0.0
1837,1291749986.4133584,0.0
1838,1291776107.7024148,0.0
1839,1291802228.991471,0.0
1840,1291828350.2805274,0.0
1841,1291854471.5695837,0.0
1842,1291880592.85864,0.0
1843,1291906714.1476963,0.0
1844,1291932835.4367526,0.0
1845,1291958956.7258089,0.0
1846,1291985078.0148652,0.0
1847,1292011199.3039215,0.0
1848,1292037320.5929778,0.0
1849,1292063441.882034,0.0
1850,1292089563.1710904,0.0
1851,1292115684.4601467,0.0
1852,1292141805.749203,0.0
1853,1292167927.0382593,0.0
1854,1292194048.3273156,0.0
1855,1292220169.6163719,0.0
1856,1292246290.9054282,0.0
1857,1292272412.1944845,0.0
1858,1292298533.4835408,0.0
1859,1292324654.772597,0.0
1860,1292350776.0616534,0.0
1861,1292376897.3507097,0.0
1862,1292403018.639766,0.0
1863,1292429139.9288223,0.0
1864,1292455261.2178786,0.0
1865,1292481382.506935,0.0
1866,1292507503.7959912,0.0
1867,1292533625.0850475,0.0
1868,1292559746.3741038,0.0
1869,1292585867.66316,0.0
1870,1292611988.9522164,0.0
1871,1292638110.2412727,0.0
1872,1292664231.530329,0.0
1873,1292690352.8193853,0.0
1874,1292716474.1084416,0.0
1875,1292742595.397498,0.0
1876,1292768716.6865542,0.0
1877,1292794837.9756105,0.0
1878,1292820959.2646668,0.0
1879,1292847080.553723,0.0
1880,1292873201.8427794,0.0
1881,1292899323.1318357,0.0
1882,1292925444.420892,0.0
1883,1292951565.7099483,0.0
1884,1292977686.9990046,0.0
1885,1293003808.288061,0.0
1886,1293029929.5771172,0.0
1887,1293056050.8661735,0.0
1888,1293082172.1552298,0.0
1889,1293108293.444286,0.0
1890,1293134414.7333424,0.0
1891,1293160536.0223987,0.0
1892,1293186657.311455,0.0
1893,1293212778.6005113,0.0
1894,1293238899.8895676,0.0
1895,1293265021.178624,0.0
1896,1293291142.4676802,0.0
1897,1293317263.7567365,0.0
1898,1293343385.0457928,0.0
1899,1293369506.334849,0.0
1900,1293395627.6239054,0.0
1901,1293421748.9129617,0.0
1902,1293447870.202018,0.0
1903,1293473991.4910743,0.0
1904,1293500112.7801306,0.0
1905,1293526234.069187,0.0
1906,1293552355.3582432,0.0
1907,1293578476.6472995,0.0
1908,1293604597.9363558,0.0
1909,1293630719.2254121,0.0
1910,1293656840.5144684,-0.00044173680362291634
1911,1293682961.8035247,0.01529187522828579
1912,1293709083.092581,0.009289692156016827
1913,1293735204.3816373,0.0056884135119616985
1914,1293761325.6706936,0.008808853104710579
1915,1293787446.95975,0.004622134380042553
1916,1293813568.2488062,0.005437873303890228
1917,1293839689.5378625,0.003658440662547946
1918,1293865810.8269188,0.007252962328493595
1919,1293891932.1159751,0.007216138765215874
1920,1293918053.4050314,0.006925382185727358
1921,1293944174.6940877,0.005869481712579727
1922,1293970295.983144,0.005502664018422365
1923,1293996417.2722003,0.004191095475107431
1924,1294022538.5612566,0.007474839687347412
1925,1294048659.850313,0.011910864152014256
1926,1294074781.1393692,0.008595680817961693
1927,1294100902.4284256,0.006813602056354284
1928,1294127023.7174819,0.01212321687489748
1929,1294153145.0065382,0.00908422190696001
1930,1294179266.2955945,0.012006141245365143
1931,1294205387.5846508,0.0049271793104708195
1932,1294231508.873707,0.01108486857265234
1933,1294257630.1627634,0.00951879657804966
1934,1294283751.4518197,0.005749654024839401
1935,1294309872.740876,0.0027291991282254457
1936,1294335994.0299323,0.0012519893934950233
1937,1294362115.3189886,0.007569258566945791
1938,1294388236.6080449,0.007389315869659185
1939,1294414357.8971012,0.0076728155836462975
1940,1294440479.1861575,0.009651105850934982
1941,1294466600.4752138,0.009275996126234531
1942,1294492721.76427,0.008652959018945694
1943,1294518843.0533264,0.000911578768864274
1944,1294544964.3423827,0.011131011880934238
1945,1294571085.631439,0.0057718101888895035
1946,1294597206.9204953,0.007071882952004671
1947,1294623328.2095516,0.005755473393946886
1948,1294649449.4986079,-0.0007055677124299109
1949,1294675570.7876642,0.005126136355102062
1950,1294701692.0767205,0.0056894621811807156
1951,1294727813.3657768,0.005848371423780918
1952,1294753934.654833,0.01089016254991293
1953,1294780055.9438894,0.007914881221950054
1954,1294806177.2329457,0.0012130195973441005
1955,1294832298.522002,0.002488794969394803
1956,1294858419.8110583,0.001223758445121348
1957,1294884541.1001146,0.003633046755567193
1958,1294910662.389171,0.007870232686400414
1959,1294936783.6782272,0.0045266603119671345
1960,1294962904.9672835,0.004915797617286444
1961,1294989026.2563398,0.009274476207792759
1962,1295015147.545396,0.014832349494099617
1963,1295041268.8344524,0.002059263177216053
1964,1295067390.1235087,0.0016196132637560368
1965,1295093511.412565,0.0046176970936357975
1966,1295119632.7016213,0.003945112228393555
1967,1295145753.9906776,-0.0007684784359298646
1968,1295171875.279734,0.0066342102363705635
1969,1295197996.5687902,-0.00015633388829883188
1970,1295224117.8578465,-0.0005604105535894632
1971,1295250239.1469028,0.004903214517980814
1972,1295276360.435959,0.004800522234290838
1973,1295302481.7250154,0.0014328283723443747
1974,1295328603.0140717,0.004308262374252081
1975,1295354724.303128,0.0023537403903901577
1976,1295380845.5921843,-0.00256020063534379
1977,1295406966.8812406,-0.000823071924969554
1978,1295433088.170297,0.0019788488280028105
1979,1295459209.4593532,-0.0009341565310023725
1980,1295485330.7484095,0.0030425693839788437
1981,1295511452.0374658,0.0030148134101182222
1982,1295537573.326522,0.004189992789179087
1983,1295563694.6155784,0.005161084700375795
1984,1295589815.9046347,-0.002284446731209755
1985,1295615937.193691,0.003428964875638485
1986,1295642058.4827473,0.004896339029073715
1987,1295668179.7718036,0.0013557473430410028
1988,1295694301.06086,0.009116893634200096
1989,1295720422.3499162,0.0008566880715079606
1990,1295746543.6389725,0.004078719764947891
1991,1295772664.9280288,-0.0010652822675183415
1992,1295798786.2170851,-0.0017386932158842683
1993,1295824907.5061414,0.0005229497910477221
1994,1295851028.7951977,0.005783521104604006
1995,1295877150.084254,-0.0018192462157458067
1996,1295903271.3733103,-0.004552457481622696
1997,1295929392.6623666,0.0016280092531815171
1998,1295955513.951423,-0.0007946591940708458
1999,1295981635.2404792,-0.002154229674488306
2000,1296007756.5295355,0.005624266341328621
2001,1296033877.8185918,-0.0017727422527968884
2002,1296059999.1076481,-0.0027095298282802105
2003,1296086120.3967044,-0.006540059112012386
2004,1296112241.6857607,0.0004031954740639776
2005,1296138362.974817,0.010647231712937355
2006,1296164484.2638733,0.0005716340965591371
2007,1296190605.5529296,0.0024080134462565184
2008,1296216726.841986,-0.0006191950524225831
2009,1296242848.1310422,-0.004367949441075325
2010,1296268969.4200985,0.0008347546681761742
2011,1296295090.7091548,-0.0015978593146428466
2012,1296321211.9982111,0.0006948655936866999
2013,1296347333.2872674,-0.0017848621355369687
2014,1296373454.5763237,-0.003358303103595972
2015,1296399575.86538,0.0029186506289988756
2016,1296425697.1544363,0.005818271543830633
2017,1296451818.4434927,0.0026512101758271456
2018,1296477939.732549,-0.006149696186184883
2019,1296504061.0216053,-0.00267133885063231
2020,1296530182.3106616,-0.0013288420159369707
2021,1296556303.5997179,0.005957789719104767
2022,1296582424.8887742,0.004068017937242985
2023,1296608546.1778305,0.0020802312064915895
2024,1296634667.4668868,0.0021041184663772583
2025,1296660788.755943,-0.0029992456547915936
2026,1296686910.0449994,0.001966682029888034
2027,1296713031.3340557,-0.007555264048278332
2028,1296739152.623112,0.003959053196012974
2029,1296765273.9121683,-0.0023357474710792303
2030,1296791395.2012246,-0.0013763579772785306
2031,1296817516.4902809,0.002594413235783577
2032,1296843637.7793372,0.0020662229508161545
2033,1296869759.0683935,-0.0006071201059967279
2034,1296895880.3574498,0.000603541499003768
2035,1296922001.646506,0.00752477440983057
2036,1296948122.9355624,-0.0029893238097429276
2037,1296974244.2246187,0.0012362480629235506
2038,1297000365.513675,0.0014280842151492834
2039,1297026486.8027313,-0.006474593188613653
2040,1297052608.0917876,-0.0019866933580487967
2041,1297078729.3808439,0.0033179025631397963
2042,1297104850.6699002,-0.006898562889546156
2043,1297130971.9589565,0.003643057541921735
2044,1297157093.2480128,0.0006380279082804918
2045,1297183214.537069,-0.0056979600340127945
2046,1297209335.8261254,-0.002949953079223633
2047,1297235457.1151817,0.0028960814233869314
2048,1297261578.404238,0.0027214365545660257
2049,1297287699.6932943,-0.004844813607633114
2050,1297313820.9823506,0.0015319740632548928
2051,1297339942.271407,-0.004802764393389225
2052,1297366063.5604632,-0.0018917274428531528
2053,1297392184.8495195,-0.004313679412007332
2054,1297418306.1385758,-0.0017709791427478194
2055,1297444427.427632,0.003285246202722192
2056,1297470548.7166884,-0.004795155953615904
2057,1297496670.0057447,-0.005052391905337572
2058,1297522791.294801,0.0009621570352464914
2059,1297548912.5838573,0.003628429723903537
2060,1297575033.8729136,-0.0033961874432861805
2061,1297601155.16197,0.003773769363760948
2062,1297627276.4510262,-0.0018139451276510954
2063,1297653397.7400825,-0.006867039017379284
2064,1297679519.0291388,-0.0004863206413574517
2065,1297705640.318195,-0.0020659652072936296
2066,1297731761.6072514,-0.0039011677727103233
2067,1297757882.8963077,-0.0008183589670807123
2068,1297784004.185364,-0.0015341212274506688
2069,1297810125.4744203,-0.0017372281290590763
2070,1297836246.7634766,0.0029488743748515844
2071,1297862368.052533,-0.0005434991326183081
2072,1297888489.3415892,-0.0021634064614772797
2073,1297914610.6306455,0.002775889588519931
2074,1297940731.9197018,-0.002567792311310768
2075,1297966853.208758,-0.0033578570000827312
2076,1297992974.4978144,-0.002020937157794833
2077,1298019095.7868707,0.003728630021214485
2078,1298045217.075927,0.004053014796227217
2079,1298071338.3649833,0.001057203160598874
2080,1298097459.6540396,-0.000233022277825512
2081,1298123580.943096,-0.005554257892072201
2082,1298149702.2321522,-0.004381483420729637
2083,1298175823.5212085,0.0008725177031010389
2084,1298201944.8102648,-0.002177117858082056
2085,1298228066.0993211,0.003533323761075735
2086,1298254187.3883774,0.0023662273306399584
2087,1298280308.6774337,0.0035250759683549404
2088,1298306429.96649,0.004699340555816889
2089,1298332551.2555463,-0.0012695855693891644
2090,1298358672.5446026,0.0020495890639722347
2091,1298384793.833659,0.002670442219823599
2092,1298410915.1227152,0.005367028992623091
2093,1298437036.4117715,-0.003942430019378662
2094,1298463157.7008278,0.0012673208257183433
2095,1298489278.9898841,-0.0023321127519011497
2096,1298515400.2789404,0.008688785135746002
2097,1298541521.5679967,-0.0007997725042514503
2098,1298567642.857053,-0.002593754790723324
2099,1298593764.1461093,0.00247645634226501
2100,1298619885.4351656,0.00047307019121944904
2101,1298646006.724222,0.0010923785157501698
2102,1298672128.0132782,-0.0030853510834276676
2103,1298698249.3023345,-0.002678726566955447
2104,1298724370.5913908,-0.0020271430257707834
2105,1298750491.8804471,-0.004294669721275568
2106,1298776613.1695035,-0.0009586901869624853
2107,1298802734.4585598,-0.0010656581725925207
2108,1298828855.747616,0.00025006066425703466
2109,1298854977.0366724,0.0024890860076993704
2110,1298881098.3257287,-0.0013647759333252907
2111,1298907219.614785,0.002333803568035364
2112,1298933340.9038413,-0.0037356605753302574
2113,1298959462.1928976,-0.000669595377985388
2114,1298985583.4819539,0.0010820417664945126
2115,1299011704.7710102,-0.0023895264603197575
2116,1299037826.0600665,-0.0031783704180270433
2117,1299063947.3491228,0.0002915264340117574
2118,1299090068.638179,-0.0027853238862007856
2119,1299116189.9272354,-0.0006671092705801129
2120,1299142311.2162917,0.0069247763603925705
2121,1299168432.505348,-0.002910694805905223
2122,1299194553.7944043,-0.004983467981219292
2123,1299220675.0834606,-0.0028492684941738844
2124,1299246796.3725169,-0.0030725521501153708
2125,1299272917.6615732,-0.005600920412689447
2126,1299299038.9506295,-0.005071671679615974
2127,1299325160.2396858,-0.0038553730119019747
2128,1299351281.528742,0.0060053011402487755
2129,1299377402.8177984,0.0012567731318995357
2130,1299403524.1068547,0.00017448865401092917
2131,1299429645.395911,-0.006665098015218973
2132,1299455766.6849673,0.0042823744006454945
2133,1299481887.9740236,-0.0051543680019676685
2134,1299508009.26308,-0.0007886975072324276
2135,1299534130.5521362,0.008594674058258533
2136,1299560251.8411925,-0.00032765831565484405
2137,1299586373.1302488,-0.0005330882268026471
2138,1299612494.419305,0.00036843513953499496
2139,1299638615.7083614,-0.0029372104909271
2140,1299664736.9974177,-0.004510348662734032
2141,1299690858.286474,-0.003185783978551626
2142,1299716979.5755303,-0.002277473686262965
2143,1299743100.8645866,-7.573372568003833e-05
2144,1299769222.153643,-0.0002593503159005195
2145,1299795343.4426992,0.0010885919909924269
2146,1299821464.7317555,-0.0019289158517494798
2147,1299847586.0208118,-0.002782190218567848
2148,1299873707.309868,0.004806762095540762
2149,1299899828.5989244,0.0013740239664912224
2150,1299925949.8879807,0.006294929888099432
2151,1299952071.177037,-0.004661272745579481
2152,1299978192.4660933,-0.0014819190837442875
2153,1300004313.7551496,-0.007250683382153511
2154,1300030435.044206,-0.006415363401174545
2155,1300056556.3332622,-0.004321593325585127
2156,1300082677.6223185,-0.003230445785447955
2157,1300108798.9113748,-0.0022378654684871435
2158,1300134920.200431,-0.004956237971782684
2159,1300161041.4894874,-0.009596224874258041
2160,1300187162.7785437,0.0021831700578331947
2161,1300213284.0676,-0.0025675538927316666
2162,1300239405.3566563,-0.008936142548918724
2163,1300265526.6457126,-0.0014042204711586237
2164,1300291647.934769,-0.0009446231997571886
2165,1300317769.2238252,0.0014211521483957767
2166,1300343890.5128815,-0.0023588300682604313
2167,1300370011.8019378,-0.00835133995860815
2168,1300396133.0909941,-0.0011118134716525674
2169,1300422254.3800504,-0.0013299067504703999
2170,1300448375.6691067,-0.005183977074921131
2171,1300474496.958163,0.0004499398055486381
2172,1300500618.2472193,-0.00492037832736969
2173,1300526739.5362756,-0.003454930614680052
2174,1300552860.825332,0.00011144408927066252
2175,1300578982.1143882,0.0004377930599730462
2176,1300605103.4034445,-0.0033691013231873512
2177,1300631224.6925008,-0.003932826686650515
2178,1300657345.9815571,-0.0006165258819237351
2179,1300683467.2706134,-0.002063402906060219
2180,1300709588.5596697,-0.004248265642672777
2181,1300735709.848726,-0.0037029911763966084
2182,1300761831.1377823,0.0026753642596304417
2183,1300787952.4268386,-0.0007316167466342449
2184,1300814073.715895,0.0033896509557962418
2185,1300840195.0049512,-0.008393073454499245
2186,1300866316.2940075,-0.001754297292791307
2187,1300892437.5830638,-0.0071946545504033566
2188,1300918558.8721201,-0.0018189005786553025
2189,1300944680.1611764,-0.00166555296164006
2190,1300970801.4502327,-0.006080640479922295
2191,1300996922.739289,0.0008225804194808006
2192,1301023044.0283453,-0.003904263721778989
2193,1301049165.3174016,-0.005481706000864506
2194,1301075286.606458,-0.0055325706489384174
2195,1301101407.8955142,-0.007564481347799301
2196,1301127529.1845706,-0.002175997942686081
2197,1301153650.4736269,-0.009214004501700401
2198,1301179771.7626832,-0.008620176464319229
2199,1301205893.0517395,-0.007242587395012379
2200,1301232014.3407958,-0.002424604259431362
2201,1301258135.629852,-0.0030399912502616644
2202,1301284256.9189084,-0.001342956442385912
2203,1301310378.2079647,-0.0015182622009888291
2204,1301336499.497021,-0.006426040083169937
2205,1301362620.7860773,-0.006515147164463997
2206,1301388742.0751336,-0.001598108559846878
2207,1301414863.3641899,-0.004940527956932783
2208,1301440984.6532462,-0.008100751787424088
2209,1301467105.9423025,-0.010298676788806915
2210,1301493227.2313588,0.0037008305080235004
2211,1301519348.520415,-0.005789882503449917
2212,1301545469.8094714,0.0021953615359961987
2213,1301571591.0985277,-0.005815557669848204
2214,1301597712.387584,-0.0029225817415863276
2215,1301623833.6766403,-0.006010638549923897
2216,1301649954.9656966,-0.001091255689971149
2217,1301676076.2547529,-0.004414399620145559
2218,1301702197.5438092,-0.01053997129201889
2219,1301728318.8328655,-0.004904662258923054
2220,1301754440.1219218,-0.002001633169129491
2221,1301780561.410978,-0.008529210463166237
2222,1301806682.7000344,-0.002925689099356532
2223,1301832803.9890907,-0.0026431225705891848
2224,1301858925.278147,-0.0035257134586572647
2225,1301885046.5672033,-0.006948843598365784
2226,1301911167.8562596,-0.0029582299757748842
2227,1301937289.145316,-0.008010135032236576
2228,1301963410.4343722,-0.010699310339987278
2229,1301989531.7234285,-0.0068751731887459755
2230,1302015653.0124848,-0.007734507322311401
2231,1302041774.301541,-0.0022811186499893665
2232,1302067895.5905974,-0.006423607934266329
2233,1302094016.8796537,-0.005238494835793972
2234,1302120138.16871,-0.0031863143667578697
2235,1302146259.4577663,-0.007050930522382259
2236,1302172380.7468226,-0.005057536996901035
2237,1302198502.035879,-0.002465218771249056
2238,1302224623.3249352,-0.004665378946810961
2239,1302250744.6139915,-0.0002903087588492781
2240,1302276865.9030478,-0.0039036422967910767
2241,1302302987.192104,-0.00613314937800169
2242,1302329108.4811604,-0.002956615760922432
2243,1302355229.7702167,-0.002563847228884697
2244,1302381351.059273,-0.0034835264086723328
2245,1302407472.3483293,-0.006192948669195175
2246,1302433593.6373856,-2.167943603126332e-05
2247,1302459714.926442,-0.00552665488794446
2248,1302485836.2154982,-0.007990079931914806
2249,1302511957.5045545,-0.0016366225900128484
2250,1302538078.7936108,-0.0027851553168147802
2251,1302564200.082667,-0.004854339174926281
2252,1302590321.3717234,-0.001112338388338685
2253,1302616442.6607797,0.0011798208579421043
2254,1302642563.949836,-0.007476614788174629
2255,1302668685.2388923,-0.007328610867261887
2256,1302694806.5279486,-0.003310617059469223
2257,1302720927.817005,-0.004408706445246935
2258,1302747049.1060612,-0.006643988192081451
2259,1302773170.3951175,-3.878714778693393e-05
2260,1302799291.6841738,-0.004751179367303848
2261,1302825412.9732301,-0.004738340619951487
2262,1302851534.2622864,-0.008950524032115936
2263,1302877655.5513427,-0.002468683524057269
2264,1302903776.840399,-0.0036004246212542057
2265,1302929898.1294553,-0.004343677777796984
2266,1302956019.4185116,-0.004966088570654392
2267,1302982140.707568,-0.007618469186127186
2268,1303008261.9966242,-0.007734259124845266
2269,1303034383.2856805,-0.0058420198038220406
2270,1303060504.5747368,-0.004150444641709328
2271,1303086625.8637931,0.0014451062306761742
2272,1303112747.1528494,-0.0064971912652254105
2273,1303138868.4419057,-0.0069109671749174595
2274,1303164989.730962,-0.0073710838332772255
2275,1303191111.0200183,-0.002924162894487381
2276,1303217232.3090746,-0.010125644505023956
2277,1303243353.598131,-0.012743234634399414
2278,1303269474.8871872,-0.0031248247250914574
2279,1303295596.1762435,-0.0004557643551379442
2280,1303321717.4652998,-0.00907361414283514
2281,1303347838.7543561,-0.001012042397633195
2282,1303373960.0434124,-0.0009405858581885695
2283,1303400081.3324687,-0.009418327361345291
2284,1303426202.621525,3.031241249118466e-05
2285,1303452323.9105814,-0.005844594445079565
2286,1303478445.1996377,-0.004489898681640625
2287,1303504566.488694,-0.003946895711123943
2288,1303530687.7777503,-0.009079299867153168
2289,1303556809.0668066,-0.0017449678853154182
2290,1303582930.3558629,0.002581957960501313
2291,1303609051.6449192,-0.0021085923071950674
2292,1303635172.9339755,-0.001435513491742313
2293,1303661294.2230318,-0.004263376351445913
2294,1303687415.512088,-0.008771105669438839
2295,1303713536.8011444,-0.0114559605717659
2296,1303739658.0902007,0.0016907089157029986
2297,1303765779.379257,-0.0015440506394952536
2298,1303791900.6683133,-0.006183721590787172
2299,1303818021.9573696,-0.00013822372420690954
2300,1303844143.2464259,-0.0015190531266853213
2301,1303870264.5354822,-0.002748530125245452
2302,1303896385.8245385,-0.00460532121360302
2303,1303922507.1135948,-0.002302874345332384
